[
    {
        "id" : "1",
        "className" : "管理科学与工程类",
        "class" : [
            {
                "name" : "管理科学"
            },
            {
                "name" : "信息管理和信息系统"
            },
            {
                "name" : "工业工程"
            },
            {
                "name" : "工程管理"
            },
            {
                "name" : "管理科学"
            },
            {
                "name" : "产品质量工程"
            }
        ]
    },
    {
        "id" : "2",
        "className" : "工商管理类",
        "class" : [
            {
                "name" : "工商管理"
            },
            {
                "name" : "市场营销"
            },
            {
                "name" : "商品学"
            },
            {
                "name" : "工程管理"
            },
            {
                "name" : "会计学"
            },
            {
                "name" : "审计学"
            },
            {
                "name" : "涉外会计"
            },
            {
                "name" : "会计信息系统"
            },
            {
                "name" : "财务管理"
            },
            {
                "name" : "财政金融"
            },
            {
                "name" : "资产评估"
            },
            {
                "name" : "企业管理"
            },
            {
                "name" : "商务策划管理"
            },
            {
                "name" : "国际商务"
            },
            {
                "name" : "电子商务"
            },
            {
                "name" : "房地产经营管理"
            },
            {
                "name" : "物业管理"
            },
            {
                "name" : "物流管理"
            },
            {
                "name" : "旅游管理"
            },
            {
                "name" : "酒店管理"
            },
            {
                "name" : "连锁经营管理"
            },
            {
                "name" : "人力资源管理"
            }
        ]
    },
    {
        "id" : "3",
        "className" : "公共管理类",
        "class" : [
            {
                "name" : "行政管理"
            },
            {
                "name" : "公共关系学"
            },
            {
                "name" : "文秘"
            },
            {
                "name" : "公共事业管理"
            },
            {
                "name" : "公共政策学"
            },
            {
                "name" : "国防教育与管理"
            },
            {
                "name" : "劳动关系"
            },
            {
                "name" : "劳动与社会保障"
            },
            {
                "name" : "城市规划与管理"
            },
            {
                "name" : "土地资源管理"
            },
            {
                "name" : "农业经济管理"
            },
            {
                "name" : "食品经济管理"
            },
            {
                "name" : "会展经济与管理"
            },
            {
                "name" : "文化产业管理"
            },
            {
                "name" : "体育产业管理"
            },
            {
                "name" : "房地产经营管理"
            },
            {
                "name" : "航运管理"
            }
        ]
    },
    {
        "id" : "4",
        "className" : "图书档案学类",
        "class" : [
            {
                "name" : "图书馆学和档案学"
            },
            {
                "name" : "信息资源管理"
            }
        ]
    },
    {
        "id" : "5",
        "className" : "电子信息科学类",
        "class" : [
            {
                "name" : "电子信息科学与技术"
            },
            {
                "name" : "光信息科学与技术"
            },
            {
                "name" : "光电子技术科学"
            },
            {
                "name" : "微电子学"
            },
            {
                "name" : "信息科学技术"
            },
            {
                "name" : "信息安全"
            },
            {
                "name" : "科技防卫"
            }
        ]
    },
    {
        "id" : "6",
        "className" : "机械类",
        "class" : [
            {
                "name" : "机械设计制造及其自动化"
            },
            {
                "name" : "机械电子工程/机电一体化"
            },
            {
                "name" : "机械工程及自动化"
            },
            {
                "name" : "机械制造工艺与设备"
            },
            {
                "name" : "制造工程"
            },
            {
                "name" : "制造自动化与测控技术"
            },
            {
                "name" : "材料成型及控制工程"
            },
            {
                "name" : "工业设计"
            },
            {
                "name" : "过程装备与控制工程"
            },
            {
                "name" : "模具设计与制造"
            },
            {
                "name" : "微机电系统工程"
            },
            {
                "name" : "车辆工程"
            },
            {
                "name" : "汽车服务工程"
            }
        ]
    },
    {
        "id" : "7",
        "className" : "仪器仪表类",
        "class" : [
            {
                "name" : "测控技术与仪器"
            },
            {
                "name" : "能源动力类"
            },
            {
                "name" : "热能与动力工程"
            },
            {
                "name" : "电力系统及自动化"
            },
            {
                "name" : "制冷与低温技术"
            }
        ]
    },
    {
        "id" : "8",
        "className" : "材料类",
        "class" : [
            {
                "name" : "材料科学与工程"
            },
            {
                "name" : "材料物理"
            },
            {
                "name" : "材料化学"
            },
            {
                "name" : "冶金工程"
            },
            {
                "name" : "金属材料工程"
            },
            {
                "name" : "无机非金属材料工程"
            },
            {
                "name" : "高分子材料与工程"
            },
            {
                "name" : "电子封装技术"
            }
        ]
    },
    {
        "id" : "9",
        "className" : "轻工纺织食品类",
        "class" : [
            {
                "name" : "食品科学与工程"
            },
            {
                "name" : "轻化工程"
            },
            {
                "name" : "包装工程"
            },
            {
                "name" : "印刷工程"
            },
            {
                "name" : "服装设计与工程"
            },
            {
                "name" : "纺织工程"
            }
        ]
    },
    {
        "id" : "10",
        "className" : "土建类",
        "class" : [
            {
                "name" : "土木工程"
            },
            {
                "name" : "道路与桥梁"
            },
            {
                "name" : "建筑学"
            },
            {
                "name" : "建筑工程"
            },
            {
                "name" : "工业与民用建筑"
            },
            {
                "name" : "工程造价管理"
            },
            {
                "name" : "建筑环境与设备工程"
            },
            {
                "name" : "给排水科学与工程"
            },
            {
                "name" : "供热通风与空调工程"
            },
            {
                "name" : "室内装潢设计"
            },
            {
                "name" : "城市规划"
            },
            {
                "name" : "历史建筑保护工程"
            },
            {
                "name" : "景观学"
            }
        ]
    },
    {
        "id" : "11",
        "className" : "交通运输类",
        "class" : [
            {
                "name" : "交通运输"
            },
            {
                "name" : "交通工程"
            },
            {
                "name" : "物流工程"
            },
            {
                "name" : "油气储运工程"
            },
            {
                "name" : "轮机工程"
            },
            {
                "name" : "飞行技术"
            },
            {
                "name" : "航海技术"
            },
            {
                "name" : "海事管理"
            }
        ]
    },
    {
        "id" : "12",
        "className" : "武器类",
        "class" : [
            {
                "name" : "武器系统与发射工程"
            },
            {
                "name" : "探测制导与控制技术"
            },
            {
                "name" : "弹药工程与爆炸技术"
            },
            {
                "name" : "特种能源工程与烟火技术"
            },
            {
                "name" : "地面武器机动工程"
            },
            {
                "name" : "信息对抗技术"
            }
        ]
    },
    {
        "id" : "13",
        "className" : "天文地质地理类",
        "class" : [
            {
                "name" : "天文学"
            },
            {
                "name" : "地质学"
            },
            {
                "name" : "地球化学"
            },
            {
                "name" : "地球物理学"
            },
            {
                "name" : "地球与空间科学"
            },
            {
                "name" : "地理科学"
            },
            {
                "name" : "地理信息系统"
            },
            {
                "name" : "地理信息科学与技术"
            },
            {
                "name" : "大气科学"
            },
            {
                "name" : "海洋科学"
            },
            {
                "name" : "地矿"
            },
            {
                "name" : "石油工程"
            },
            {
                "name" : "宝石鉴定与加工"
            }
        ]
    },
    {
        "id" : "14",
        "className" : "经济学类",
        "class" : [
            {
                "name" : "经济与金融"
            },
            {
                "name" : "经济学"
            },
            {
                "name" : "财政学"
            },
            {
                "name" : "金融学"
            },
            {
                "name" : "经济管理"
            },
            {
                "name" : "经济信息管理"
            },
            {
                "name" : "国际经济与贸易"
            },
            {
                "name" : "国际金融"
            },
            {
                "name" : "贸易经济"
            },
            {
                "name" : "金融工程"
            },
            {
                "name" : "投资学"
            },
            {
                "name" : "统计学"
            },
            {
                "name" : "保险"
            },
            {
                "name" : "税务"
            },
            {
                "name" : "信用管理"
            },
            {
                "name" : "网络经济学"
            },
            {
                "name" : "技术经济"
            }
        ]
    },
    {
        "id" : "15",
        "className" : "语言文学类",
        "class" : [
            {
                "name" : "汉语言文学"
            },
            {
                "name" : "对外汉语"
            },
            {
                "name" : "英语"
            },
            {
                "name" : "商务英语"
            },
            {
                "name" : "外贸英语"
            },
            {
                "name" : "俄语"
            },
            {
                "name" : "德语"
            },
            {
                "name" : "法语"
            },
            {
                "name" : "西班牙语"
            },
            {
                "name" : "阿拉伯语"
            },
            {
                "name" : "日语"
            },
            {
                "name" : "朝鲜语"
            },
            {
                "name" : "其它外语"
            }
        ]
    },
    {
        "id" : "16",
        "className" : "艺术类",
        "class" : [
            {
                "name" : "音乐、作曲"
            },
            {
                "name" : "舞蹈"
            },
            {
                "name" : "美术学"
            },
            {
                "name" : "艺术设计"
            },
            {
                "name" : "绘画"
            },
            {
                "name" : "雕塑"
            },
            {
                "name" : "服装设计"
            },
            {
                "name" : "影视学"
            },
            {
                "name" : "导演、广播电视编导"
            },
            {
                "name" : "戏剧、表演"
            },
            {
                "name" : "戏剧影视文学"
            },
            {
                "name" : "戏剧影视美术设计"
            },
            {
                "name" : "摄影、动画"
            },
            {
                "name" : "播音、主持、录音"
            }
        ]
    },
    {
        "id" : "17",
        "className" : "法学类",
        "class" : [
            {
                "name" : "法学"
            },
            {
                "name" : "马克思主义理论"
            },
            {
                "name" : "政治学与行政学"
            },
            {
                "name" : "思想政治教育"
            },
            {
                "name" : "国际政治"
            },
            {
                "name" : "国际经济法"
            },
            {
                "name" : "经济法"
            },
            {
                "name" : "社会学"
            },
            {
                "name" : "外交学"
            },
            {
                "name" : "公安学"
            }
        ]
    },
    {
        "id" : "18",
        "className" : "医学类",
        "class" : [
            {
                "name" : "基础医学"
            },
            {
                "name" : "预防医学"
            },
            {
                "name" : "营养学"
            },
            {
                "name" : "临床医学与医学技术"
            },
            {
                "name" : "麻醉学"
            },
            {
                "name" : "放射医学"
            },
            {
                "name" : "眼视光学"
            },
            {
                "name" : "口腔医学"
            },
            {
                "name" : "中医学"
            },
            {
                "name" : "针灸推拿学"
            },
            {
                "name" : "法医学"
            },
            {
                "name" : "护理学"
            },
            {
                "name" : "药学"
            },
            {
                "name" : "中药学"
            },
            {
                "name" : "医学检验"
            }
        ]
    },
    {
        "id" : "19",
        "className" : "农业类",
        "class" : [
            {
                "name" : "农学"
            },
            {
                "name" : "林学"
            },
            {
                "name" : "农业工程"
            },
            {
                "name" : "森林资源"
            },
            {
                "name" : "园林"
            },
            {
                "name" : "园艺"
            },
            {
                "name" : "林业工程"
            },
            {
                "name" : "植物生产"
            },
            {
                "name" : "植物保护学"
            },
            {
                "name" : "茶学"
            },
            {
                "name" : "草业科学"
            },
            {
                "name" : "环境生态"
            },
            {
                "name" : "动物科学"
            },
            {
                "name" : "动物医学"
            },
            {
                "name" : "水产科学"
            }
        ]
    },
    {
        "id" : "20",
        "className" : "电气信息类",
        "class" : [
            {
                "name" : "电气工程及其自动化"
            },
            {
                "name" : "电气信息工程"
            },
            {
                "name" : "通信工程"
            },
            {
                "name" : "自动化"
            },
            {
                "name" : "电子信息工程"
            },
            {
                "name" : "电子科学与技术"
            },
            {
                "name" : "集成电路设计与集成系统"
            },
            {
                "name" : "影视艺术技术"
            },
            {
                "name" : "广播电视工程"
            }
        ]
    },
    {
        "id" : "21",
        "className" : "计算机科学与技术类",
        "class" : [
            {
                "name" : "计算机科学与技术"
            },
            {
                "name" : "计算机科学"
            },
            {
                "name" : "计算机工程"
            },
            {
                "name" : "计算机网络"
            },
            {
                "name" : "计算机应用"
            },
            {
                "name" : "软件工程"
            },
            {
                "name" : "计算机信息管理"
            },
            {
                "name" : "人工智能"
            }
        ]
    },
    {
        "id" : "22",
        "className" : "新闻传播学类",
        "class" : [
            {
                "name" : "新闻学"
            },
            {
                "name" : "广播电视新闻"
            },
            {
                "name" : "广告学"
            },
            {
                "name" : "编辑出版学"
            },
            {
                "name" : "传播学"
            },
            {
                "name" : "媒体创意"
            }
        ]
    },
    {
        "id" : "23",
        "className" : "系统科学类",
        "class" : [
            {
                "name" : "系统理论"
            },
            {
                "name" : "系统科学与工程"
            }
        ]
    },
    {
        "id" : "24",
        "className" : "历史学类",
        "class" : [
            {
                "name" : "历史学"
            },
            {
                "name" : "考古学"
            },
            {
                "name" : "博物馆学"
            }
        ]
    },
    {
        "id" : "25",
        "className" : "教育学类",
        "class" : [
            {
                "name" : "教育学"
            },
            {
                "name" : "体育教育"
            },
            {
                "name" : "学前教育"
            },
            {
                "name" : "职业技术教育"
            },
            {
                "name" : "特殊教育"
            },
            {
                "name" : "教育技术学"
            }
        ]
    },
    {
        "id" : "26",
        "className" : "心理学类",
        "class" : [
            {
                "name" : "心理学"
            },
            {
                "name" : "应用心理学"
            }
        ]
    },
    {
        "id" : "27",
        "className" : "化学类及化学工程类",
        "class" : [
            {
                "name" : "化学"
            },
            {
                "name" : "应用化学"
            },
            {
                "name" : "生物化工"
            },
            {
                "name" : "化学工程与工艺"
            },
            {
                "name" : "精细化工"
            },
            {
                "name" : "化工设备与机械"
            },
            {
                "name" : "生物科学及生物技术类"
            }
        ]
    },
    {
        "id" : "28",
        "className" : "力学类",
        "class" : [
            {
                "name" : "力学"
            },
            {
                "name" : "应用力学"
            }
        ]
    },
    {
        "id" : "29",
        "className" : "环境科学与安全类",
        "class" : [
            {
                "name" : "环境科学"
            },
            {
                "name" : "环境工程"
            },
            {
                "name" : "安全工程"
            },
            {
                "name" : "生态学"
            }
        ]
    },
    {
        "id" : "30",
        "className" : "航空航天类",
        "class" : [
            {
                "name" : "飞行器设计与工程"
            },
            {
                "name" : "飞行器动力工程"
            },
            {
                "name" : "飞行器制造工程"
            },
            {
                "name" : "飞行器环境与生命保障工程"
            }
        ]
    },
    {
        "id" : "31",
        "className" : "水利类、船舶与海洋类",
        "class" : [
            {
                "name" : "船舶与海洋工程"
            },
            {
                "name" : "水利水电工程"
            },
            {
                "name" : "水文与水资源工程"
            },
            {
                "name" : "港口航道与海岸工程"
            }
        ]
    },
    {
        "id" : "32",
        "className" : "测绘类",
        "class" : [
            {
                "name" : "测绘工程"
            },
            {
                "name" : "遥感科学与技术"
            },
            {
                "name" : "空间信息与数字技术"
            }
        ]
    },
    {
        "id" : "33",
        "className" : "生物医学、制药工程类",
        "class" : [
            {
                "name" : "生物医学工程"
            },
            {
                "name" : "制药工程"
            }
        ]
    },
    {
        "id" : "",
        "className" : "数学类",
        "class" : [
            {
                "name" : "数学与应用数学"
            },
            {
                "name" : "信息与计算科学"
            }
        ]
    },
    {
        "id" : "35",
        "className" : "公安技术类",
        "class" : [
            {
                "name" : "公安技术"
            }
        ]
    },
    {
        "id" : "36",
        "className" : "物理学类",
        "class" : [
            {
                "name" : "物理学"
            },
            {
                "name" : "应用物理学"
            },
            {
                "name" : "声学"
            }
        ]
    },
    {
        "id" : "37",
        "className" : "生物科学，技术",
        "class" : [
            {
                "name" : "生物工程"
            },
            {
                "name" : "生物信息学"
            }
        ]
    },
    {
        "id" : "38",
        "className" : "哲学类",
        "class" : [
            {
                "name" : "哲学(含伦理学)"
            },
            {
                "name" : "逻辑学"
            },
            {
                "name" : "宗教学"
            }
        ]
    }
]
