{
  "互联网/AI": {
    "后端开发": {
      "Java": {},
      "C/C++": {},
      "PHP": {},
      "Python": {},
      "C#": {},
      ".NET": {},
      "Golang": {},
      "Node.js": {},
      "Hadoop": {},
      "语音/视频/图形开发": {},
      "GIS工程师": {},
      "区块链工程师": {},
      "全栈工程师": {},
      "其他后端开发": {}
    },
    "前端/移动开发": {
      "前端开发工程师": {},
      "Android": {},
      "iOS": {},
      "U3D": {},
      "UE4": {},
      "Cocos技术美术": {},
      "JavaScript": {}
    },
    "测试": {
      "测试工程师": {},
      "软件测试": {},
      "自动化测试": {},
      "功能测试": {},
      "测试开发": {},
      "硬件测试": {},
      "游戏测试": {},
      "性能测试": {},
      "渗透测试": {}
    },
    "运维/技术支持": {
      "运维工程师": {},
      "IT技术支持": {},
      "网络工程师": {},
      "网络安全": {},
      "系统工程师": {},
      "运维开发工程师": {},
      "系统管理员": {},
      "DBA": {},
      "系统安全技术": {},
      "文档工程师": {}
    },
    "人工智能": {
      "图像算法": {},
      "自然语言处理算法": {},
      "大模型算法": {},
      "数据挖掘规控算法": {},
      "SLAM算法": {},
      "推荐算法": {},
      "搜索算法": {},
      "语音算法": {},
      "风控算法": {},
      "算法研究员": {},
      "算法工程师": {},
      "机器学习": {},
      "深度学习": {},
      "自动驾驶系统工程师": {},
      "数据标注/AI训练师": {}
    },
    "销售技术支持": {
      "售前技术支持": {},
      "售后技术支持": {},
      "销售技术支持": {},
      "客户成功": {}
    },
    "数据": {
      "数据分析师": {},
      "数据开发": {},
      "数据仓库": {},
      "ETL工程师": {},
      "数据挖掘": {},
      "数据架构师": {},
      "爬虫工程师": {},
      "数据采集": {}
    },
    "技术项目管理": {
      "项目经理/主管": {},
      "项目助理": {},
      "项目专员": {},
      "实施工程师": {},
      "实施顾问": {},
      "需求分析工程师": {},
      "硬件项目经理": {}
    },
    "高端技术职位": {
      "技术经理": {},
      "架构师": {},
      "技术总监": {},
      "CTO": {},
      "测试经理": {},
      "技术合伙人": {},
      "运维总监": {}
    },
    "其他技术职位": {
      "其他技术职位": {}
    }
  },
  "电子/电气/通信": {
    "电子/硬件开发": {
      "电子工程师": {},
      "硬件工程师": {},
      "嵌入式软件工程师": {},
      "FPGA开发": {},
      "单片机驱动开发工程师": {},
      "PCB工程师": {},
      "电子维修技术员": {},
      "射频工程师": {},
      "电路设计": {},
      "系统集成": {},
      "光学工程师": {},
      "DSP开发": {},
      "ARM开发": {}
    },
    "半导体/芯片": {
      "集成电路IC设计": {},
      "数字IC验证工程师": {},
      "模拟版图设计工程师": {},
      "芯片测试工程师": {},
      "DFT工程师": {},
      "FAE数字前端设计师": {},
      "数字后端工程师": {},
      "模拟IC设计工程师": {}
    },
    "电气/自动化": {
      "电气工程师": {},
      "电气设计工程师": {},
      "自动化机电工程师": {},
      "建筑机电工程师": {}
    },
    "技术项目管理": {
      "项目经理/主管": {},
      "项目助理": {},
      "项目专员": {},
      "实施工程师": {},
      "实施顾问": {},
      "需求分析工程师": {},
      "硬件项目经理": {}
    },
    "通信": {
      "通信项目专员": {},
      "通信项目经理": {},
      "通信技术工程师": {},
      "通信研发工程师": {},
      "无线/射频通信工程师": {},
      "移动通信工程师": {},
      "电信网络工程师": {},
      "数据通信工程师": {},
      "通信测试工程师": {},
      "光通信工程师": {},
      "光网络工程师": {},
      "通信电源工程师": {},
      "有线传输工程师": {},
      "通信设备工程师": {},
      "核心网工程师": {},
      "通信标准化工程师": {},
      "网络工程师": {}
    },
    "销售技术支持": {
      "售前技术支持": {},
      "售后技术支持": {},
      "销售技术支持": {}
    },
    "运维/技术支持": {
      "运维工程师": {},
      "系统工程师": {},
      "技术文档工程师": {}
    }
  },
  "产品": {
    "产品经理": {
      "产品经理": {},
      "产品专员/助理": {},
      "高级产品管理岗": {},
      "电商产品经理": {},
      "AI产品经理": {},
      "数据产品经理": {},
      "移动产品经理": {},
      "金融产品经理": {},
      "亚马逊产品开发": {},
      "化妆品产品经理": {},
      "硬件产品经理": {},
      "其他产品职位": {}
    },
    "游戏策划/制作": {
      "游戏策划": {},
      "系统策划": {},
      "游戏数值策划": {},
      "游戏制作人": {}
    },
    "用户研究": {
      "用户研究员": {},
      "用户研究经理": {},
      "用户研究总监": {}
    }
  },
  "客服/运营": {
    "客服": {
      "客服专员": {},
      "客服主管": {},
      "客服经理": {},
      "网络客服": {},
      "电话客服": {},
      "售后客服": {},
      "售前客服": {}
    },
    "内容运营": {
      "新媒体运营": {},
      "直播运营": {},
      "视频运营": {},
      "内容运营": {},
      "微信运营": {}
    },
    "电商运营": {
      "国内电商运营": {},
      "跨境电商运营": {},
      "品类运营": {},
      "淘宝运营": {},
      "天猫运营": {},
      "京东运营": {},
      "拼多多运营": {},
      "亚马逊运营": {},
      "亚马逊产品开发": {},
      "阿里国际站运营": {},
      "速卖通运营": {}
    },
    "业务运营": {
      "运营助理/专员": {},
      "产品运营": {},
      "用户运营": {},
      "商家运营": {},
      "数据/策略运营": {},
      "社区运营": {},
      "游戏运营": {},
      "活动运营": {},
      "网站运营": {},
      "内容审核": {},
      "数据标注/AI训练师": {}
    },
    "线下运营": {
      "车辆运营": {},
      "线下拓展运营": {},
      "商场运营": {}
    },
    "编辑": {
      "文案编辑": {},
      "网站编辑": {},
      "医学编辑": {},
      "主编/副主编": {}
    },
    "高端运营职位": {
      "运营经理/主管": {},
      "运营总监": {},
      "COO": {},
      "客服总监": {}
    },
    "其他运营职位": {
      "其他运营职位": {}
    }
  },
  "销售": {
    "销售": {
      "销售专员": {},
      "电话销售": {},
      "网络销售": {},
      "渠道销售": {},
      "大客户代表": {},
      "客户经理": {},
      "BD经理": {},
      "客户代表": {},
      "销售工程师": {}
    },
    "销售管理": {
      "销售经理": {},
      "销售总监": {},
      "销售VP": {},
      "团队经理": {},
      "城市经理": {},
      "区域总监": {}
    },
    "销售行政/商务": {
      "销售助理": {},
      "销售运营": {},
      "商务专员": {},
      "商务经理": {},
      "商务总监": {},
      "客户成功": {}
    },
    "外贸销售": {
      "外贸业务员": {},
      "外贸经理": {}
    },
    "课程销售": {
      "课程顾问": {},
      "招生顾问": {},
      "留学顾问": {}
    },
    "汽车销售": {
      "汽车销售": {},
      "汽车配件销售": {},
      "二手车评估师": {}
    },
    "房地产销售/招商": {
      "置业顾问": {},
      "地产中介": {},
      "物业招商管理": {},
      "房地产销售总监": {}
    },
    "服务业销售": {
      "服装导购": {},
      "珠宝销售": {},
      "美容顾问": {},
      "化妆品导购": {},
      "会籍顾问": {},
      "瘦身顾问": {},
      "旅游顾问": {}
    },
    "医疗销售": {
      "医药代表": {},
      "医疗器械销售": {},
      "药店店员": {},
      "药店店长": {},
      "医美咨询": {},
      "健康顾问": {},
      "口腔咨询师": {}
    },
    "广告/会展销售": {
      "广告销售": {},
      "会展活动销售": {},
      "会议活动销售": {}
    },
    "金融销售": {
      "理财顾问": {},
      "保险顾问": {},
      "信用卡销售": {},
      "证券经纪人": {}
    },
    "其他销售职位": {
      "其他销售职位": {}
    }
  },
  "人力/行政/法务": {
    "人力资源": {
      "人力资源专员/助理": {},
      "人力资源经理/主管": {},
      "人力资源总监": {},
      "招聘": {},
      "HRBP": {},
      "培训": {},
      "员工关系": {},
      "组织发展": {},
      "企业文化": {},
      "薪酬绩效": {},
      "猎头顾问": {}
    },
    "行政": {
      "行政专员/助理": {},
      "行政经理/主管": {},
      "行政总监": {},
      "前台": {},
      "后勤经理": {},
      "助理文员": {},
      "企业党建": {},
      "档案管理": {},
      "商务司机": {}
    },
    "法律服务": {
      "法务专员/助理": {},
      "法务经理/主管": {},
      "法务总监": {},
      "法律顾问": {},
      "律师": {}
    },
    "其他职能职位": {
      "其他职能职位": {}
    }
  },
  "财务/审计/税务": {
    "会计": {
      "会计总账": {},
      "会计成本": {},
      "会计结算": {},
      "会计税务外勤": {},
      "会计建筑/工程": {}
    },
    "审计/税务": {
      "审计": {},
      "税务": {}
    },
    "高级财务职位": {
      "财务经理/主管": {},
      "财务总监/VP": {},
      "CFO": {}
    },
    "其他财务岗位": {
      "出纳": {},
      "风控": {},
      "财务顾问": {},
      "统计员": {},
      "财务分析/财务BP": {}
    }
  },
  "生产制造": {
    "普工": {
      "普工/操作工": {},
      "包装工": {},
      "学徒工": {},
      "搬运工/装卸工": {},
      "组装工": {}
    },
    "机械加工": {
      "焊工": {},
      "氩弧焊工": {},
      "车工": {},
      "钳工": {},
      "切割工": {},
      "钣金工": {},
      "注塑工": {},
      "折弯工": {},
      "磨工": {},
      "模具工": {},
      "铣工": {},
      "抛光工": {},
      "喷塑工": {},
      "钻工": {},
      "铆工": {},
      "电镀工": {}
    },
    "技工": {
      "电工": {},
      "弱电工": {},
      "机修工": {},
      "木工": {},
      "油漆工": {},
      "锅炉工": {}
    },
    "运输设备操作": {
      "叉车工": {},
      "铲车司机": {},
      "挖掘机司机": {}
    },
    "质量管理": {
      "质量管理/测试": {},
      "质检员": {},
      "实验室技术员": {},
      "体系工程师": {},
      "体系审核员": {},
      "产品认证工程师": {},
      "失效分析工程师": {},
      "可靠度工程师": {},
      "供应商质量工程师": {},
      "医疗器械生产/质量管理": {},
      "汽车质量工程师": {},
      "计量工程师": {}
    },
    "机械设计/制造": {
      "CNC/数控机械工程师": {},
      "机械结构工程师": {},
      "工艺工程师": {},
      "机械设备工程师": {},
      "模具工程师": {},
      "机械制图员": {},
      "机电工程师": {},
      "注塑工程师": {},
      "夹具工程师": {},
      "冲压工程师": {},
      "铸造/锻造工程师": {},
      "机械维修/保养": {},
      "材料工程师": {},
      "工业工程师(IE)": {},
      "焊接工程师": {},
      "热设计工程师": {},
      "液压工程师": {}
    },
    "电气/自动化": {
      "电气工程师": {},
      "电气设计工程师": {},
      "自动化": {}
    },
    "生产营运": {
      "车间主任": {},
      "生产组长/拉长": {},
      "生产总监": {},
      "厂长": {},
      "生产跟单/文员": {},
      "生产计划/物料管理(PMC)": {},
      "生产设备管理员": {},
      "厂务": {}
    },
    "生产安全": {
      "生产安全员": {},
      "施工安全员": {},
      "EHS工程师": {},
      "安全评价师": {}
    },
    "化工": {
      "实验室技术员": {},
      "化工工程师": {},
      "食品/饮料研发": {},
      "化妆品研发": {},
      "化妆品产品经理": {},
      "涂料研发": {},
      "化工项目经理": {}
    },
    "服装/纺织/皮革": {
      "服装/纺织/皮革跟单": {},
      "打样/制版": {},
      "服装/纺织设计": {},
      "面料辅料开发": {},
      "缝纫工": {},
      "样衣工": {},
      "量体师": {},
      "裁剪工": {}
    },
    "新能源汽车": {
      "电池工程师": {},
      "电机工程师": {}
    }
  },
  "零售/生活服务": {
    "零售": {
      "店员/营业员": {},
      "收银": {},
      "导购": {},
      "服装导购": {},
      "珠宝销售": {},
      "化妆品导购": {},
      "理货员": {},
      "促销员": {},
      "陈列员": {},
      "防损员": {},
      "门店店长": {},
      "储备店长": {},
      "督导/巡店": {},
      "卖场经理": {},
      "商场运营": {}
    },
    "美容美发": {
      "美容师": {},
      "美容店长": {},
      "美体师": {},
      "美容顾问": {},
      "美容导师": {},
      "美甲美睫师": {},
      "纹绣师": {},
      "发型师": {},
      "美发助理/学徒": {},
      "养发师": {},
      "瘦身顾问": {},
      "化妆/造型师": {}
    },
    "理疗保健": {
      "理疗师": {},
      "针灸推拿按摩师": {},
      "足疗师": {},
      "采耳师": {}
    },
    "安保服务": {
      "保安": {},
      "保安经理": {},
      "消防中控员": {},
      "押运员": {},
      "安检员": {},
      "消防维保员": {}
    },
    "家政保洁/维修": {
      "保洁": {},
      "保洁经理": {},
      "保姆": {},
      "月嫂": {},
      "产后康复师": {},
      "育婴师": {},
      "护工": {},
      "收纳师": {},
      "家电维修": {},
      "手机维修": {},
      "电脑/打印机维修": {}
    },
    "汽车服务": {
      "汽车维修": {},
      "汽车美容": {},
      "洗车工": {},
      "汽车改装工程师": {},
      "汽车服务顾问": {},
      "4S店店长/维修站长": {},
      "汽车查勘定损": {},
      "加油员": {}
    },
    "宠物服务": {
      "宠物美容": {},
      "宠物医生": {}
    },
    "运动健身": {
      "健身教练": {},
      "舞蹈老师": {},
      "体育教师/体育教练": {},
      "篮球教练": {},
      "瑜伽老师": {},
      "游泳教练": {},
      "跆拳道教练": {},
      "武术教练": {},
      "轮滑教练": {},
      "救生员": {},
      "乒乓球教练": {},
      "足球教练": {},
      "羽毛球教练": {},
      "拳击教练": {}
    },
    "驾驶员": {
      "网约车司机": {},
      "代驾司机": {},
      "驾校教练": {},
      "商务司机": {},
      "货运司机": {},
      "客运司机": {},
      "无人机飞手": {}
    },
    "其他服务业职位": {
      "花艺师": {},
      "婚礼策划": {},
      "网吧网管": {},
      "会籍顾问": {},
      "旅游顾问": {},
      "验光师": {},
      "摄影/摄像师": {},
      "剧本杀主持人": {},
      "儿童引导师": {},
      "放映员": {}
    }
  },
  "餐饮": {
    "前厅": {
      "服务员": {},
      "收银": {},
      "礼仪/迎宾/接待": {},
      "传菜员": {}
    },
    "后厨": {
      "餐饮学徒": {},
      "厨师": {},
      "中餐厨师": {},
      "烧烤师傅": {},
      "西餐厨师": {},
      "日料厨师": {},
      "凉菜厨师": {},
      "面点师": {},
      "后厨配菜": {},
      "打荷": {},
      "洗碗工": {},
      "水台": {}
    },
    "餐饮管理": {
      "餐饮店长": {},
      "餐饮前厅经理/领班": {},
      "储备店长": {},
      "厨师长": {},
      "行政总厨": {},
      "餐饮督导": {}
    },
    "甜点饮品": {
      "咖啡师": {},
      "茶艺师": {},
      "奶茶店店员": {},
      "调酒师": {},
      "面包/烘焙师": {},
      "蛋糕/裱花师": {}
    },
    "其他餐饮岗位": {
      "送餐员": {}
    }
  },
  "酒店/旅游": {
    "酒店": {
      "酒店前台": {},
      "礼仪/迎宾/接待": {},
      "客房服务员": {},
      "酒店经理": {},
      "酒店前厅经理": {},
      "客房经理": {},
      "民宿管家": {}
    },
    "旅游服务": {
      "旅游顾问": {},
      "导游": {},
      "讲解员": {},
      "计调": {},
      "票务员": {},
      "签证专员": {}
    },
    "旅游产品开发/策划": {
      "旅游产品经理": {},
      "旅游策划师": {}
    },
    "其他旅游职位": {
      "其他旅游职位": {}
    }
  },
  "教育培训": {
    "教师": {
      "英语教师": {},
      "助教": {},
      "数学教师": {},
      "语文教师": {},
      "高中教师": {},
      "初中教师": {},
      "小学教师": {},
      "家教": {},
      "物理教师": {},
      "化学教师": {},
      "理科教师": {},
      "日语教师": {},
      "生物教师": {},
      "文科教师": {},
      "地理教师": {},
      "其他外语教师": {}
    },
    "幼少儿教师": {
      "幼教托管老师": {},
      "早教老师": {},
      "保育员": {},
      "感统训练教师": {}
    },
    "教育行政": {
      "教务管理": {},
      "校长/副校长": {},
      "班主任/辅导员": {},
      "教学管理": {},
      "园长/副园长": {},
      "就业老师": {}
    },
    "运动健身": {
      "健身教练": {},
      "体育教师/体育教练": {},
      "篮球教练": {},
      "瑜伽老师": {},
      "游泳教练": {},
      "跆拳道教练": {},
      "武术教练": {},
      "轮滑教练": {},
      "乒乓球教练": {},
      "足球教练": {},
      "羽毛球教练": {},
      "拳击教练": {}
    },
    "文化艺术": {
      "美术教师": {},
      "舞蹈老师": {},
      "书法教师": {},
      "音乐教师": {},
      "播音主持教师": {},
      "钢琴教师": {},
      "古筝教师": {},
      "吉他教师": {},
      "表演教师": {},
      "架子鼓老师": {},
      "围棋老师": {}
    },
    "科学探索培训": {
      "乐高教师": {},
      "机器人教师": {},
      "少儿编程老师": {}
    },
    "职业培训": {
      "培训师": {},
      "拓展培训": {},
      "财会培训": {},
      "讲师": {}
    },
    "IT培训": {
      "PHP培训讲师": {},
      "JAVA培训讲师": {},
      "C++培训讲师": {},
      "UI设计培训讲师": {},
      "Web前端培训讲师": {},
      "软件测试培训讲师": {},
      "动漫培训讲师": {},
      "Unity 3D培训讲师": {},
      "Android培训讲师": {},
      ".NET培训讲师": {},
      "iOS培训讲师": {},
      "少儿编程老师": {}
    },
    "教育产品研发": {
      "培训师": {},
      "课程设计": {},
      "课程编辑": {},
      "培训策划": {},
      "培训研究": {},
      "其他教育产品研发职位": {}
    },
    "课程销售": {
      "课程顾问": {},
      "招生顾问": {},
      "留学顾问": {}
    },
    "其他教育培训职位": {
      "其他教育培训职位": {}
    }
  },
  "设计": {
    "视觉/交互设计": {
      "平面设计": {},
      "美工设计师助理": {},
      "CAD设计/制图": {},
      "UI设计师": {},
      "视觉设计师": {},
      "广告设计": {},
      "交互设计师": {},
      "网页设计师": {},
      "多媒体设计师": {}
    },
    "环境设计": {
      "室内设计": {},
      "家居设计": {},
      "软装设计师": {},
      "展览/展示设计": {},
      "陈列设计": {},
      "照明设计": {},
      "园林/景观设计": {}
    },
    "工业设计": {
      "家具设计": {},
      "橱柜设计": {},
      "工业设计": {},
      "包装设计": {},
      "珠宝设计": {},
      "家具拆单员": {}
    },
    "服装设计": {
      "服装/纺织设计": {},
      "面料辅料开发": {}
    },
    "美术/3D/动画": {
      "3D设计师": {},
      "插画师": {},
      "动画设计": {},
      "原画师": {},
      "漫画师": {},
      "修图师": {}
    },
    "游戏设计": {
      "游戏场景": {},
      "游戏角色": {},
      "游戏界面设计师": {},
      "游戏数值策划": {},
      "系统策划": {},
      "游戏特效": {},
      "游戏动作技术美术": {},
      "游戏主美术": {}
    },
    "用户研究": {
      "用户研究员": {},
      "用户研究经理": {},
      "用户研究总监": {},
      "UX设计师": {}
    },
    "高端设计职位": {
      "设计经理/主管": {},
      "设计总监": {},
      "视觉设计总监": {}
    },
    "其他设计职位": {
      "其他设计职位": {}
    }
  },
  "房地产/建筑": {
    "工程管理": {
      "建筑施工项目经理": {},
      "工程造价": {},
      "工程监理": {},
      "工程预算": {},
      "施工员": {},
      "资料员": {},
      "材料员": {},
      "测绘/测量": {},
      "施工安全员": {}
    },
    "装饰装修": {
      "室内设计": {},
      "软装设计师": {},
      "装修项目经理": {}
    },
    "物业管理": {
      "物业经理": {},
      "物业管理员": {},
      "综合维修工": {},
      "物业工程主管": {},
      "物业招商管理": {},
      "锅炉工": {},
      "弱电工": {},
      "绿化工": {},
      "保安": {},
      "保安经理": {},
      "消防中控员": {},
      "消防维保员": {},
      "水电工": {}
    },
    "建筑/规划设计": {
      "土木/土建/结构工程师": {},
      "园林/景观设计": {},
      "建筑设计师": {},
      "建筑工程师": {},
      "城市规划设计": {},
      "弱电工程师": {},
      "建筑机电工程师": {},
      "给排水工程师": {},
      "暖通工程师": {},
      "幕墙工程师": {},
      "BIM工程师": {},
      "消防工程师": {}
    },
    "房地产规划开发": {
      "地产招投标": {},
      "地产项目管理": {},
      "房地产策划": {},
      "房产评估师": {}
    },
    "高端房地产职位": {
      "地产项目总监": {},
      "地产策划总监": {},
      "地产招投标总监": {}
    },
    "房地产销售": {
      "置业顾问": {},
      "地产中介": {},
      "房地产销售总监": {}
    },
    "建筑/装修工人": {
      "电工": {},
      "焊工": {},
      "木工": {},
      "空调工": {},
      "油漆工": {},
      "电梯工": {},
      "泥瓦工": {}
    },
    "其他房地产职位": {
      "其他房地产职位": {}
    }
  },
  "直播/影视/传媒": {
    "直播": {
      "主播带货": {},
      "主播直播运营": {},
      "游戏主播": {},
      "中控/场控/助播": {}
    },
    "影视": {
      "化妆/造型师": {},
      "演员/配音员": {},
      "艺人助理": {},
      "主持人/DJ": {},
      "模特": {},
      "摄影/摄像师": {},
      "导演/编导": {},
      "经纪人/星探": {},
      "编剧": {},
      "制片人": {},
      "影视策划": {},
      "影视发行": {},
      "剪辑师": {},
      "视频编辑": {},
      "后期制作": {},
      "动画设计": {},
      "修图师": {},
      "灯光师": {},
      "录音/音效": {},
      "音频编辑": {},
      "影视特效": {},
      "剧本杀主持人": {},
      "儿童引导师": {},
      "放映员": {},
      "剧本杀编剧": {}
    },
    "广告": {
      "策划经理": {},
      "广告文案": {},
      "广告客户执行": {},
      "广告/会展项目经理": {},
      "广告创意策划": {},
      "创意总监": {},
      "广告设计美术指导": {},
      "广告制作": {},
      "广告审核": {}
    },
    "采编/写作/出版": {
      "编辑": {},
      "主编/副主编": {},
      "记者/采编": {},
      "作者/撰稿人": {},
      "校对": {},
      "录入": {},
      "印刷排版": {},
      "出版发行": {},
      "剧本杀编剧": {}
    },
    "其他传媒职位": {
      "其他传媒职位": {}
    }
  },
  "市场/公关/广告": {
    "市场营销": {
      "市场营销策划": {},
      "海外市场活动策划": {},
      "执行会务/会展": {},
      "执行会务/会展策划": {},
      "商务渠道": {},
      "市场总监": {},
      "CMO": {}
    },
    "推广/投放": {
      "市场推广/地推": {},
      "网络推广": {},
      "游戏推广": {},
      "媒介投放": {},
      "媒介商务BD": {},
      "媒介专员": {},
      "媒介经理/总监": {},
      "信息流优化师": {},
      "SEO": {},
      "SEM": {}
    },
    "政府事务": {
      "政府关系": {},
      "项目申报专员": {},
      "政策研究": {},
      "社工": {}
    },
    "公关": {
      "品牌公关": {},
      "公关总监": {}
    },
    "广告": {
      "策划经理": {},
      "广告文案": {},
      "广告客户执行": {},
      "广告/会展项目经理": {},
      "广告创意策划": {},
      "创意总监": {},
      "广告设计美术指导": {},
      "广告制作": {},
      "广告审核": {}
    },
    "调研分析": {
      "市场调研": {},
      "选址开发": {},
      "商业数据分析": {},
      "用户研究员": {},
      "用户研究经理": {},
      "用户研究总监": {}
    },
    "广告/会展销售": {
      "广告销售": {},
      "会展活动销售": {},
      "会议活动销售": {}
    },
    "其他市场职位": {
      "其他市场职位": {}
    }
  },
  "物流/仓储/司机": {
    "物流/运输": {
      "物流专员": {},
      "物流经理": {},
      "物流总监": {},
      "物流运营": {},
      "物流跟单调度员": {},
      "运输经理/主管": {},
      "跟车员": {},
      "水/空/陆运操作": {},
      "货运代理专员": {},
      "货运代理经理": {},
      "集装箱管理": {},
      "物流/仓储项目经理": {}
    },
    "配送理货": {
      "配/理/拣/发货": {},
      "配送员": {},
      "快递员": {},
      "搬运工/装卸工": {},
      "配送站长": {}
    },
    "驾驶员": {
      "货运司机": {},
      "商务司机": {},
      "网约车司机": {},
      "代驾司机": {},
      "驾校教练": {},
      "客运司机": {},
      "无人机飞手": {}
    },
    "仓储": {
      "仓库管理员": {},
      "仓库文员": {},
      "仓库主管/经理": {}
    },
    "供应链": {
      "供应链专员": {},
      "供应链经理": {},
      "供应链总监": {},
      "生产计划/物料管理(PMC)": {}
    }
  },
  "采购/贸易": {
    "采购": {
      "采购专员/助理": {},
      "采购经理/主管": {},
      "采购工程师": {},
      "买手": {},
      "供应商质量工程师": {},
      "商品专员/助理": {},
      "商品经理": {},
      "采购总监": {},
      "招标专员": {},
      "投标专员": {}
    },
    "外贸销售": {
      "外贸业务员": {},
      "外贸经理": {}
    },
    "进出口贸易": {
      "贸易跟单": {},
      "单证员": {},
      "报关/报检员": {}
    },
    "其他采购/贸易职位": {
      "其他采购/贸易类职位": {}
    }
  },
  "汽车": {
    "新能源汽车": {
      "电池工程师": {},
      "电机工程师": {}
    },
    "汽车研发/制造": {
      "车身/造型设计": {},
      "汽车电子工程师": {},
      "自动驾驶系统工程师": {},
      "线束设计": {},
      "内外饰设计工程师": {},
      "动力系统工程师": {},
      "底盘工程师": {},
      "汽车零部件设计": {},
      "汽车设计": {},
      "汽车质量工程师": {},
      "总装工程师": {},
      "汽车项目管理": {}
    },
    "汽车服务": {
      "汽车维修": {},
      "汽车美容": {},
      "洗车工": {},
      "汽车改装工程师": {},
      "汽车服务顾问": {},
      "4S店店长/维修站长": {},
      "汽车查勘定损": {},
      "加油员": {}
    },
    "汽车销售": {
      "汽车销售": {},
      "汽车配件销售": {},
      "二手车评估师": {}
    }
  },
  "医疗健康": {
    "护士/护理": {
      "护士": {},
      "导医": {},
      "护士长": {},
      "护工": {}
    },
    "医生/医技": {
      "外科医生": {},
      "内科医生": {},
      "皮肤科医生": {},
      "妇产科医生": {},
      "儿科医生": {},
      "眼科医生": {},
      "精神心理科医生": {},
      "整形医生": {},
      "全科医生": {},
      "耳鼻喉科医生": {},
      "检验科医师": {},
      "放射科医生": {},
      "超声科医生": {},
      "麻醉科医生": {},
      "病理科医生": {},
      "医生助理": {},
      "中医": {},
      "口腔科医生": {},
      "幼儿园保健医": {},
      "药剂师": {},
      "验光师": {},
      "医务管理": {},
      "其他医生职位": {}
    },
    "保健理疗": {
      "理疗师": {},
      "营养师/健康管理师": {},
      "针灸推拿": {},
      "康复治疗师": {},
      "产后康复师": {}
    },
    "药店": {
      "药店店员": {},
      "执业药师/驻店药师": {},
      "药店店长": {}
    },
    "生物医药": {
      "生物学研究人员": {},
      "医药研发": {},
      "生物信息工程师": {},
      "药品生产": {},
      "药品注册": {},
      "医药项目经理": {},
      "细胞培养员": {},
      "药理研究": {},
      "药物合成制剂研发": {},
      "药物分析": {},
      "医疗产品技术支持": {}
    },
    "临床试验": {
      "临床协调员": {},
      "临床监查员": {},
      "临床项目经理": {},
      "临床数据分析": {},
      "临床医学经理/专员": {},
      "临床医学总监": {}
    },
    "医疗器械": {
      "医疗器械生产/质量管理": {},
      "医疗器械研发": {},
      "医疗器械注册": {},
      "试剂研发": {}
    },
    "医疗销售": {
      "医药代表": {},
      "医疗器械销售": {},
      "药店店员": {},
      "药店店长": {},
      "医美咨询": {},
      "健康顾问": {},
      "口腔咨询师": {}
    },
    "其他医疗健康职位": {
      "医学编辑": {},
      "其他医疗健康职位": {}
    }
  },
  "金融": {
    "银行": {
      "柜员": {},
      "银行大堂经理": {},
      "客户经理": {},
      "信贷专员": {}
    },
    "证券/基金/期货": {
      "证券交易员": {},
      "卖方分析师": {},
      "买方分析师": {},
      "投资银行业务": {},
      "基金经理": {},
      "柜员": {},
      "量化研究员": {}
    },
    "中后台": {
      "风控": {},
      "合规": {},
      "稽查": {},
      "法务": {},
      "资信评估": {},
      "清算": {},
      "资产评估": {},
      "金融产品经理": {},
      "催收员": {}
    },
    "投融资": {
      "投资经理": {},
      "投资助理": {},
      "行业研究": {},
      "融资投后管理": {},
      "并购投资总监/VP": {},
      "投资者关系/证券事务代表": {},
      "其他投融资职位": {}
    },
    "保险": {
      "保险理赔": {},
      "保险精算师": {}
    },
    "金融销售": {
      "理财顾问": {},
      "保险顾问": {},
      "信用卡销售": {},
      "证券经纪人": {}
    },
    "其他金融职位": {
      "其他金融职位": {}
    }
  },
  "咨询/翻译/法律": {
    "咨询/调研": {
      "知识产权/专利/商标代理人": {},
      "项目申报专员": {},
      "咨询项目管理": {},
      "企业管理咨询": {},
      "战略咨询": {},
      "财务顾问": {},
      "IT咨询顾问": {},
      "咨询经理": {},
      "人力资源咨询顾问": {},
      "猎头顾问": {},
      "咨询总监": {},
      "市场调研数据分析师": {},
      "心理咨询师": {},
      "婚恋咨询师": {},
      "其他咨询顾问": {}
    },
    "翻译": {
      "英语翻译": {},
      "日语翻译": {},
      "韩语/朝鲜语翻译": {},
      "俄语翻译": {},
      "西班牙语翻译": {},
      "德语翻译": {},
      "法语翻译": {},
      "其他语种翻译": {}
    },
    "法律服务": {
      "事务所律师": {},
      "律师助理": {},
      "法务": {},
      "专利律师": {},
      "知识产权律师": {},
      "知识产权/专利/商标代理人": {}
    },
    "其他咨询类职位": {
      "其他咨询/翻译类职位": {}
    }
  },
  "能源/环保/农业": {
    "能源/地质": {
      "光伏系统工程师": {},
      "风电运维工程师": {},
      "水利工程师": {},
      "地质工程师": {}
    },
    "环保": {
      "EHS工程师": {},
      "环境采样/检测员": {},
      "环评工程师": {},
      "环保工程师": {},
      "碳排放管理师": {}
    },
    "农/林/牧/渔": {
      "农业/林业技术员": {},
      "饲养员": {},
      "禽畜/水产养殖技术员": {},
      "畜牧兽医": {}
    }
  },
  "高级管理": {
    "高级管理职位": {
      "总裁/总经理/CEO": {},
      "副总裁/副总经理/VP": {},
      "总助/CEO助理/董事长助理": {},
      "区域负责人(辖多个分公司)": {},
      "分公司/代表处负责人": {},
      "董事会秘书": {},
      "联合创始人": {},
      "高级管理职位": {}
    }
  },
  "其他": {
    "其他职位类别": {
      "其他职位": {}
    }
  }
}
